cust_id,order_num,order_date,amount,country
C0001,ORD1001,2025-07-08,724.04,UK
C0002,ORD1002,2025-03-09,296.68,USA
C0003,ORD1003,2025-02-24,904.1,Germany
C0004,ORD1004,2025-08-20,533.25,Australia
C0005,ORD1005,2025-06-02,622.94,Germany
C0006,ORD1006,2025-08-29,700.61,Canada
C0007,ORD1007,2025-07-28,137.71,Canada
C0008,ORD1008,2025-07-07,778.79,India
C0009,ORD1009,2025-01-16,69.57,India
C0010,ORD1010,2025-04-20,373.57,Australia
C0011,ORD1011,2025-02-16,725.86,Canada
C0012,ORD1012,2025-03-05,362.18,Australia
C0013,ORD1013,2025-06-07,883.92,USA
C0014,ORD1014,2025-04-13,211.95,India
C0015,ORD1015,2025-05-28,506.65,Canada
C0016,ORD1016,2025-02-12,498.11,Germany
C0017,ORD1017,2025-08-02,840.93,Canada
C0018,ORD1018,2025-04-06,810.29,Germany
C0019,ORD1019,2025-08-23,927.41,Australia
C0020,ORD1020,2025-08-29,258.35,Germany
C0021,ORD1021,2025-07-18,956.12,Canada
C0022,ORD1022,2025-04-16,681.51,India
C0023,ORD1023,2025-05-16,111.13,Germany
C0024,ORD1024,2025-01-04,622.08,India
C0025,ORD1025,2025-07-19,751.1,Germany
C0026,ORD1026,2025-03-10,503.54,Germany
C0027,ORD1027,2025-02-15,554.4,Germany
C0028,ORD1028,2025-02-01,791.77,UK
C0029,ORD1029,2025-05-15,691.41,India
C0030,ORD1030,2025-06-22,578.66,Canada
C0031,ORD1031,2025-08-10,620.12,Canada
C0032,ORD1032,2025-02-02,801.76,Australia
C0033,ORD1033,2025-02-18,925.63,UK
C0034,ORD1034,2025-06-25,422.29,UK
C0035,ORD1035,2025-04-26,875.94,USA
C0036,ORD1036,2025-08-10,837.4,Canada
C0037,ORD1037,2025-07-22,74.97,Australia
C0038,ORD1038,2025-01-23,994.64,Germany
C0039,ORD1039,2025-04-24,871.21,USA
C0040,ORD1040,2025-08-26,272.94,Germany
C0041,ORD1041,2025-07-27,804.12,Canada
C0042,ORD1042,2025-06-24,190.56,Germany
C0043,ORD1043,2025-08-07,490.0,UK
C0044,ORD1044,2025-07-29,394.9,Australia
C0045,ORD1045,2025-07-18,234.04,Australia
C0046,ORD1046,2025-02-04,777.08,Germany
C0047,ORD1047,2025-05-17,449.15,Australia
C0048,ORD1048,2025-02-03,709.22,UK
C0049,ORD1049,2025-02-05,84.74,UK
C0050,ORD1050,2025-06-01,179.05,Australia
C0051,ORD1051,2025-02-14,409.13,Germany
C0052,ORD1052,2025-08-10,241.6,UK
C0053,ORD1053,2025-01-26,307.45,UK
C0054,ORD1054,2025-04-12,389.27,USA
C0055,ORD1055,2025-08-22,129.08,Australia
C0056,ORD1056,2025-04-17,533.22,India
C0057,ORD1057,2025-04-15,210.81,Canada
C0058,ORD1058,2025-02-10,413.38,Australia
C0059,ORD1059,2025-04-22,887.4,UK
C0060,ORD1060,2025-07-21,238.51,India
C0061,ORD1061,2025-05-26,616.74,India
C0062,ORD1062,2025-07-10,598.57,UK
C0063,ORD1063,2025-07-29,496.14,UK
C0064,ORD1064,2025-01-17,408.97,Canada
C0065,ORD1065,2025-07-22,96.88,Australia
C0066,ORD1066,2025-02-26,930.05,UK
C0067,ORD1067,2025-01-20,600.07,Germany
C0068,ORD1068,2025-01-27,833.24,Canada
C0069,ORD1069,2025-02-20,576.17,UK
C0070,ORD1070,2025-07-07,932.97,Australia
C0071,ORD1071,2025-01-27,694.68,Australia
C0072,ORD1072,2025-02-17,505.53,Germany
C0073,ORD1073,2025-05-09,803.86,USA
C0074,ORD1074,2025-01-20,680.34,Canada
C0075,ORD1075,2025-01-07,88.1,UK
C0076,ORD1076,2025-04-04,547.08,Germany
C0077,ORD1077,2025-08-17,251.43,India
C0078,ORD1078,2025-02-24,180.47,UK
C0079,ORD1079,2025-01-15,989.33,USA
C0080,ORD1080,2025-02-20,370.15,Canada
C0081,ORD1081,2025-02-26,588.28,Australia
C0082,ORD1082,2025-08-10,259.65,USA
C0083,ORD1083,2025-08-13,494.34,Australia
C0084,ORD1084,2025-03-12,538.81,UK
C0085,ORD1085,2025-03-20,293.28,India
C0086,ORD1086,2025-05-28,583.94,USA
C0087,ORD1087,2025-08-28,120.09,India
C0088,ORD1088,2025-04-20,964.59,Australia
C0089,ORD1089,2025-06-12,209.6,UK
C0090,ORD1090,2025-04-06,454.55,UK
C0091,ORD1091,2025-08-02,574.65,Germany
C0092,ORD1092,2025-03-06,80.39,USA
C0093,ORD1093,2025-07-24,890.44,India
C0094,ORD1094,2025-03-06,957.37,Canada
C0095,ORD1095,2025-02-14,108.22,UK
C0096,ORD1096,2025-07-27,129.49,Germany
C0097,ORD1097,2025-05-02,131.54,Canada
C0098,ORD1098,2025-08-24,247.88,Australia
C0099,ORD1099,2025-04-01,510.6,Canada
C0100,ORD1100,2025-06-25,632.46,India
C0101,ORD1101,2025-04-11,233.45,Germany
C0102,ORD1102,2025-07-06,58.4,Germany
C0103,ORD1103,2025-05-20,543.77,UK
C0104,ORD1104,2025-01-24,987.75,Germany
C0105,ORD1105,2025-04-27,772.8,India
C0106,ORD1106,2025-03-08,272.05,Germany
C0107,ORD1107,2025-02-14,66.39,Australia
C0108,ORD1108,2025-05-06,622.01,Canada
C0109,ORD1109,2025-04-15,392.58,Australia
C0110,ORD1110,2025-03-26,582.93,USA
C0111,ORD1111,2025-04-17,393.97,USA
C0112,ORD1112,2025-02-09,740.03,Germany
C0113,ORD1113,2025-08-31,164.49,USA
C0114,ORD1114,2025-06-25,305.86,Canada
C0115,ORD1115,2025-02-27,835.56,USA
C0116,ORD1116,2025-03-15,251.93,USA
C0117,ORD1117,2025-03-24,584.76,USA
C0118,ORD1118,2025-04-15,75.71,Canada
C0119,ORD1119,2025-05-06,82.8,Canada
C0120,ORD1120,2025-08-22,209.02,USA
C0121,ORD1121,2025-04-24,327.49,Germany
C0122,ORD1122,2025-02-05,353.41,UK
C0123,ORD1123,2025-05-03,732.9,USA
C0124,ORD1124,2025-07-24,173.35,UK
C0125,ORD1125,2025-07-16,804.4,Germany
C0126,ORD1126,2025-05-23,478.3,India
C0127,ORD1127,2025-02-15,872.26,USA
C0128,ORD1128,2025-05-19,268.58,UK
C0129,ORD1129,2025-08-25,98.28,USA
C0130,ORD1130,2025-03-11,919.08,Australia
C0131,ORD1131,2025-01-31,813.34,Germany
C0132,ORD1132,2025-06-25,405.37,USA
C0133,ORD1133,2025-01-17,55.79,Canada
C0134,ORD1134,2025-09-06,430.16,Australia
C0135,ORD1135,2025-03-30,70.68,India
C0136,ORD1136,2025-09-08,508.94,Australia
C0137,ORD1137,2025-04-06,62.43,Australia
C0138,ORD1138,2025-02-09,392.85,UK
C0139,ORD1139,2025-01-20,353.39,UK
C0140,ORD1140,2025-08-04,749.65,India
C0141,ORD1141,2025-07-31,783.52,Canada
C0142,ORD1142,2025-01-19,995.55,Canada
C0143,ORD1143,2025-06-22,436.62,Canada
C0144,ORD1144,2025-07-22,819.39,UK
C0145,ORD1145,2025-01-24,769.39,UK
C0146,ORD1146,2025-03-25,857.47,Canada
C0147,ORD1147,2025-04-21,676.37,UK
C0148,ORD1148,2025-01-31,478.04,USA
C0149,ORD1149,2025-06-22,239.81,Germany
C0150,ORD1150,2025-07-29,877.72,USA
C0151,ORD1151,2025-06-14,565.27,Canada
C0152,ORD1152,2025-01-07,708.46,Canada
C0153,ORD1153,2025-02-19,963.93,India
C0154,ORD1154,2025-06-11,556.77,Australia
C0155,ORD1155,2025-07-10,582.1,Canada
C0156,ORD1156,2025-02-20,581.44,India
C0157,ORD1157,2025-04-10,159.54,Australia
C0158,ORD1158,2025-07-04,668.09,Germany
C0159,ORD1159,2025-06-20,657.41,Germany
C0160,ORD1160,2025-06-24,405.96,USA
C0161,ORD1161,2025-01-30,352.29,Australia
C0162,ORD1162,2025-04-21,603.54,USA
C0163,ORD1163,2025-03-11,599.09,India
C0164,ORD1164,2025-08-09,122.5,UK
C0165,ORD1165,2025-05-09,641.13,Australia
C0166,ORD1166,2025-06-04,682.69,Canada
C0167,ORD1167,2025-05-05,806.83,UK
C0168,ORD1168,2025-03-24,928.27,Australia
C0169,ORD1169,2025-08-19,760.24,USA
C0170,ORD1170,2025-01-04,398.14,USA
C0171,ORD1171,2025-02-22,472.93,Canada
C0172,ORD1172,2025-08-23,824.19,Germany
C0173,ORD1173,2025-06-25,935.65,India
C0174,ORD1174,2025-08-26,297.51,Germany
C0175,ORD1175,2025-01-21,803.0,Germany
C0176,ORD1176,2025-04-27,937.41,India
C0177,ORD1177,2025-08-27,855.24,India
C0178,ORD1178,2025-02-20,519.41,Canada
C0179,ORD1179,2025-05-13,148.69,UK
C0180,ORD1180,2025-06-29,378.81,Canada
C0181,ORD1181,2025-09-03,528.38,USA
C0182,ORD1182,2025-06-05,889.82,USA
C0183,ORD1183,2025-05-02,490.77,UK
C0184,ORD1184,2025-09-05,325.84,Germany
C0185,ORD1185,2025-03-14,86.4,USA
C0186,ORD1186,2025-03-24,606.82,USA
C0187,ORD1187,2025-02-08,95.96,UK
C0188,ORD1188,2025-02-11,688.99,Australia
C0189,ORD1189,2025-07-01,190.67,USA
C0190,ORD1190,2025-06-17,590.93,India
C0191,ORD1191,2025-08-14,74.82,Australia
C0192,ORD1192,2025-07-04,562.35,Canada
C0193,ORD1193,2025-03-06,403.33,India
C0194,ORD1194,2025-07-30,473.49,India
C0195,ORD1195,2025-07-22,213.39,India
C0196,ORD1196,2025-05-04,74.29,Germany
C0197,ORD1197,2025-01-25,468.38,Australia
C0198,ORD1198,2025-07-21,560.25,USA
C0199,ORD1199,2025-06-05,232.79,Canada
C0200,ORD1200,2025-07-04,855.66,India
C0201,ORD1201,2025-03-02,345.36,Canada
C0202,ORD1202,2025-02-10,972.16,Australia
C0203,ORD1203,2025-07-31,198.05,Australia
C0204,ORD1204,2025-08-12,384.6,India
C0205,ORD1205,2025-05-04,240.51,UK
C0206,ORD1206,2025-03-29,846.9,UK
C0207,ORD1207,2025-03-05,861.21,Canada
C0208,ORD1208,2025-07-20,750.11,Australia
C0209,ORD1209,2025-02-20,503.15,UK
C0210,ORD1210,2025-03-19,316.05,Canada
C0211,ORD1211,2025-02-02,290.21,Germany
C0212,ORD1212,2025-03-23,203.81,Germany
C0213,ORD1213,2025-01-17,804.99,Canada
C0214,ORD1214,2025-09-03,270.54,Germany
C0215,ORD1215,2025-04-16,693.47,UK
C0216,ORD1216,2025-08-28,638.47,Germany
C0217,ORD1217,2025-06-27,807.88,Australia
C0218,ORD1218,2025-02-22,258.12,Australia
C0219,ORD1219,2025-07-07,349.54,India
C0220,ORD1220,2025-05-27,440.86,Germany
C0221,ORD1221,2025-05-20,65.99,India
C0222,ORD1222,2025-01-20,994.88,USA
C0223,ORD1223,2025-08-10,910.51,Germany
C0224,ORD1224,2025-08-08,550.95,Germany
C0225,ORD1225,2025-04-04,251.67,Germany
C0226,ORD1226,2025-02-14,932.02,UK
C0227,ORD1227,2025-07-14,107.24,UK
C0228,ORD1228,2025-07-30,544.36,Germany
C0229,ORD1229,2025-02-27,366.11,India
C0230,ORD1230,2025-06-24,707.7,India
C0231,ORD1231,2025-08-14,565.93,Australia
C0232,ORD1232,2025-07-17,692.38,Australia
C0233,ORD1233,2025-01-07,189.16,India
C0234,ORD1234,2025-03-14,442.41,USA
C0235,ORD1235,2025-02-13,796.74,Canada
C0236,ORD1236,2025-05-03,198.68,Canada
C0237,ORD1237,2025-04-22,429.32,India
C0238,ORD1238,2025-04-07,934.01,UK
C0239,ORD1239,2025-04-26,149.61,USA
C0240,ORD1240,2025-01-04,905.84,UK
C0241,ORD1241,2025-06-17,678.55,Germany
C0242,ORD1242,2025-07-15,428.6,Germany
C0243,ORD1243,2025-06-01,675.03,India
C0244,ORD1244,2025-04-01,398.52,UK
C0245,ORD1245,2025-05-29,935.44,Australia
C0246,ORD1246,2025-04-20,354.9,India
C0247,ORD1247,2025-02-02,877.0,USA
C0248,ORD1248,2025-05-15,347.63,Australia
C0249,ORD1249,2025-01-31,321.44,USA
C0250,ORD1250,2025-02-17,569.28,Canada
C0251,ORD1251,2025-04-05,449.71,Canada
C0252,ORD1252,2025-08-21,437.07,UK
C0253,ORD1253,2025-08-09,466.44,USA
C0254,ORD1254,2025-02-01,972.31,India
C0255,ORD1255,2025-08-15,888.91,USA
C0256,ORD1256,2025-05-19,474.85,Australia
C0257,ORD1257,2025-08-31,475.72,UK
C0258,ORD1258,2025-08-20,718.98,Australia
C0259,ORD1259,2025-08-19,234.71,Germany
C0260,ORD1260,2025-04-22,459.38,UK
C0261,ORD1261,2025-05-16,373.04,USA
C0262,ORD1262,2025-07-09,344.4,Germany
C0263,ORD1263,2025-03-04,936.71,UK
C0264,ORD1264,2025-04-26,835.1,Australia
C0265,ORD1265,2025-08-11,929.19,Germany
C0266,ORD1266,2025-08-15,255.01,UK
C0267,ORD1267,2025-02-17,272.39,India
C0268,ORD1268,2025-03-27,938.29,USA
C0269,ORD1269,2025-01-27,612.07,Germany
C0270,ORD1270,2025-07-16,692.93,Canada
C0271,ORD1271,2025-01-30,983.71,India
C0272,ORD1272,2025-08-11,791.3,Germany
C0273,ORD1273,2025-05-28,102.07,Germany
C0274,ORD1274,2025-02-15,859.13,UK
C0275,ORD1275,2025-07-30,460.75,Germany
C0276,ORD1276,2025-02-25,601.52,Australia
C0277,ORD1277,2025-09-06,653.54,Australia
C0278,ORD1278,2025-07-08,62.89,India
C0279,ORD1279,2025-05-22,926.34,UK
C0280,ORD1280,2025-04-11,918.65,Canada
C0281,ORD1281,2025-04-18,778.3,USA
C0282,ORD1282,2025-03-16,644.12,UK
C0283,ORD1283,2025-07-08,991.52,India
C0284,ORD1284,2025-03-03,523.85,USA
C0285,ORD1285,2025-08-25,184.13,Germany
C0286,ORD1286,2025-06-26,639.34,Canada
C0287,ORD1287,2025-06-18,130.3,USA
C0288,ORD1288,2025-06-22,481.91,Australia
C0289,ORD1289,2025-08-22,213.79,India
C0290,ORD1290,2025-09-07,281.3,Canada
C0291,ORD1291,2025-02-04,592.8,Australia
C0292,ORD1292,2025-05-25,97.92,Canada
C0293,ORD1293,2025-06-25,361.69,Canada
C0294,ORD1294,2025-06-20,463.42,Germany
C0295,ORD1295,2025-04-14,194.5,Germany
C0296,ORD1296,2025-04-28,581.24,Canada
C0297,ORD1297,2025-04-28,773.57,USA
C0298,ORD1298,2025-03-18,694.73,India
C0299,ORD1299,2025-08-08,251.46,India
C0300,ORD1300,2025-03-08,589.44,Australia
C0301,ORD1301,2025-04-15,930.07,UK
C0302,ORD1302,2025-05-15,493.02,Australia
C0303,ORD1303,2025-09-03,686.57,USA
C0304,ORD1304,2025-03-22,475.48,Germany
C0305,ORD1305,2025-04-21,785.49,USA
C0306,ORD1306,2025-04-07,982.05,Australia
C0307,ORD1307,2025-01-27,530.35,UK
C0308,ORD1308,2025-02-27,137.84,India
C0309,ORD1309,2025-02-28,912.53,UK
C0310,ORD1310,2025-08-26,821.98,Canada
C0311,ORD1311,2025-03-04,469.68,UK
C0312,ORD1312,2025-06-04,131.73,USA
C0313,ORD1313,2025-07-21,593.27,Canada
C0314,ORD1314,2025-01-15,728.52,Canada
C0315,ORD1315,2025-08-28,859.29,UK
C0316,ORD1316,2025-06-06,194.66,UK
C0317,ORD1317,2025-09-07,213.01,UK
C0318,ORD1318,2025-07-13,898.71,Germany
C0319,ORD1319,2025-05-28,312.59,Germany
C0320,ORD1320,2025-05-30,66.49,Australia
C0321,ORD1321,2025-06-10,436.86,Germany
C0322,ORD1322,2025-01-23,808.27,UK
C0323,ORD1323,2025-05-23,663.27,Canada
C0324,ORD1324,2025-02-08,561.42,USA
C0325,ORD1325,2025-06-01,859.97,USA
C0326,ORD1326,2025-07-05,77.19,USA
C0327,ORD1327,2025-02-15,982.47,Canada
C0328,ORD1328,2025-08-09,610.87,USA
C0329,ORD1329,2025-07-27,692.22,India
C0330,ORD1330,2025-01-29,795.36,Australia
C0331,ORD1331,2025-03-09,774.95,India
C0332,ORD1332,2025-03-21,939.14,Canada
C0333,ORD1333,2025-02-08,695.02,USA
C0334,ORD1334,2025-02-02,499.35,USA
C0335,ORD1335,2025-06-26,381.34,UK
C0336,ORD1336,2025-03-13,948.08,USA
C0337,ORD1337,2025-06-21,52.7,Germany
C0338,ORD1338,2025-01-30,215.37,India
C0339,ORD1339,2025-08-11,801.2,UK
C0340,ORD1340,2025-08-26,602.96,Canada
C0341,ORD1341,2025-05-04,961.76,UK
C0342,ORD1342,2025-02-02,273.85,Australia
C0343,ORD1343,2025-06-27,722.26,India
C0344,ORD1344,2025-04-19,82.72,India
C0345,ORD1345,2025-08-31,344.68,USA
C0346,ORD1346,2025-01-08,718.8,UK
C0347,ORD1347,2025-04-12,504.82,UK
C0348,ORD1348,2025-04-02,331.31,India
C0349,ORD1349,2025-05-10,605.31,USA
C0350,ORD1350,2025-01-25,938.4,India
C0351,ORD1351,2025-05-21,817.24,Canada
C0352,ORD1352,2025-05-29,334.83,Germany
C0353,ORD1353,2025-07-29,875.78,Germany
C0354,ORD1354,2025-08-30,885.57,Australia
C0355,ORD1355,2025-08-26,611.92,India
C0356,ORD1356,2025-06-15,423.71,India
C0357,ORD1357,2025-08-12,316.07,Australia
C0358,ORD1358,2025-02-25,382.36,India
C0359,ORD1359,2025-08-12,134.99,UK
C0360,ORD1360,2025-05-02,607.68,Canada
C0361,ORD1361,2025-03-21,280.04,Germany
C0362,ORD1362,2025-05-24,608.29,Canada
C0363,ORD1363,2025-06-14,859.65,UK
C0364,ORD1364,2025-07-31,888.52,UK
C0365,ORD1365,2025-01-11,771.73,UK
C0366,ORD1366,2025-03-06,751.52,USA
C0367,ORD1367,2025-09-04,972.28,UK
C0368,ORD1368,2025-03-05,231.35,India
C0369,ORD1369,2025-02-09,660.92,Australia
C0370,ORD1370,2025-07-08,89.16,USA
C0371,ORD1371,2025-09-05,319.17,Germany
C0372,ORD1372,2025-08-17,744.06,Canada
C0373,ORD1373,2025-05-30,736.64,Germany
C0374,ORD1374,2025-01-17,296.59,Germany
C0375,ORD1375,2025-02-24,760.3,India
C0376,ORD1376,2025-02-10,699.41,India
C0377,ORD1377,2025-07-01,459.54,India
C0378,ORD1378,2025-07-11,620.64,UK
C0379,ORD1379,2025-02-10,464.16,UK
C0380,ORD1380,2025-05-29,950.05,Canada
C0381,ORD1381,2025-03-12,588.9,Canada
C0382,ORD1382,2025-02-01,481.45,Australia
C0383,ORD1383,2025-04-26,916.85,Canada
C0384,ORD1384,2025-01-20,975.27,Australia
C0385,ORD1385,2025-02-05,134.35,UK
C0386,ORD1386,2025-05-24,226.97,Australia
C0387,ORD1387,2025-08-29,149.02,USA
C0388,ORD1388,2025-06-06,403.28,Australia
C0389,ORD1389,2025-05-04,534.36,Germany
C0390,ORD1390,2025-02-18,953.66,Canada
C0391,ORD1391,2025-04-06,889.46,Canada
C0392,ORD1392,2025-04-17,880.89,India
C0393,ORD1393,2025-04-09,762.13,Canada
C0394,ORD1394,2025-06-17,179.63,USA
C0395,ORD1395,2025-08-15,710.66,Canada
C0396,ORD1396,2025-01-07,744.1,USA
C0397,ORD1397,2025-04-07,207.01,Germany
C0398,ORD1398,2025-08-31,160.8,USA
C0399,ORD1399,2025-09-06,74.65,Germany
C0400,ORD1400,2025-05-28,650.48,USA
C0401,ORD1401,2025-05-02,962.48,Canada
C0402,ORD1402,2025-05-17,400.83,India
C0403,ORD1403,2025-02-23,973.83,India
C0404,ORD1404,2025-08-18,304.2,Australia
C0405,ORD1405,2025-02-20,415.83,Australia
C0406,ORD1406,2025-01-08,320.72,Canada
C0407,ORD1407,2025-05-25,250.32,Australia
C0408,ORD1408,2025-07-16,326.85,USA
C0409,ORD1409,2025-06-16,926.27,UK
C0410,ORD1410,2025-03-25,196.74,Germany
C0411,ORD1411,2025-07-16,519.42,Canada
C0412,ORD1412,2025-01-26,754.71,India
C0413,ORD1413,2025-03-21,956.66,Canada
C0414,ORD1414,2025-01-19,262.98,USA
C0415,ORD1415,2025-05-27,167.73,UK
C0416,ORD1416,2025-06-02,435.7,Australia
C0417,ORD1417,2025-06-19,935.34,Australia
C0418,ORD1418,2025-01-20,699.62,Canada
C0419,ORD1419,2025-07-19,329.66,USA
C0420,ORD1420,2025-05-06,579.74,USA
C0421,ORD1421,2025-03-08,403.21,Canada
C0422,ORD1422,2025-06-30,473.84,Canada
C0423,ORD1423,2025-02-07,476.46,Australia
C0424,ORD1424,2025-04-21,543.79,Australia
C0425,ORD1425,2025-02-23,161.98,UK
C0426,ORD1426,2025-07-20,147.11,Germany
C0427,ORD1427,2025-02-07,947.72,India
C0428,ORD1428,2025-03-07,426.0,Germany
C0429,ORD1429,2025-02-11,267.24,India
C0430,ORD1430,2025-06-21,885.68,UK
C0431,ORD1431,2025-02-14,758.55,India
C0432,ORD1432,2025-08-19,737.89,India
C0433,ORD1433,2025-04-18,230.58,India
C0434,ORD1434,2025-04-30,665.66,Canada
C0435,ORD1435,2025-02-11,904.99,USA
C0436,ORD1436,2025-06-16,577.69,Germany
C0437,ORD1437,2025-02-12,594.89,Canada
C0438,ORD1438,2025-02-05,384.86,Australia
C0439,ORD1439,2025-08-25,522.32,India
C0440,ORD1440,2025-06-30,345.89,USA
C0441,ORD1441,2025-04-22,69.87,UK
C0442,ORD1442,2025-07-14,149.8,Canada
C0443,ORD1443,2025-01-09,631.81,USA
C0444,ORD1444,2025-04-15,508.86,Germany
C0445,ORD1445,2025-05-23,839.5,Canada
C0446,ORD1446,2025-06-14,810.58,Canada
C0447,ORD1447,2025-05-24,77.63,Australia
C0448,ORD1448,2025-04-19,644.43,Germany
C0449,ORD1449,2025-07-24,724.62,Australia
C0450,ORD1450,2025-01-06,790.51,USA
C0451,ORD1451,2025-05-31,447.65,Australia
C0452,ORD1452,2025-07-16,227.71,UK
C0453,ORD1453,2025-09-04,619.81,Australia
C0454,ORD1454,2025-05-01,847.96,UK
C0455,ORD1455,2025-03-15,489.22,Germany
C0456,ORD1456,2025-05-25,645.43,Germany
C0457,ORD1457,2025-05-03,545.87,Australia
C0458,ORD1458,2025-03-01,740.35,Canada
C0459,ORD1459,2025-01-05,576.88,Australia
C0460,ORD1460,2025-05-24,401.92,Australia
C0461,ORD1461,2025-01-21,151.29,Australia
C0462,ORD1462,2025-06-21,258.92,Australia
C0463,ORD1463,2025-07-22,607.67,USA
C0464,ORD1464,2025-05-24,480.12,UK
C0465,ORD1465,2025-07-15,433.0,USA
C0466,ORD1466,2025-03-25,128.97,Canada
C0467,ORD1467,2025-05-27,241.0,Australia
C0468,ORD1468,2025-06-30,587.41,USA
C0469,ORD1469,2025-01-01,550.79,Canada
C0470,ORD1470,2025-08-25,626.46,India
C0471,ORD1471,2025-07-23,224.35,USA
C0472,ORD1472,2025-05-31,637.35,Germany
C0473,ORD1473,2025-02-28,710.81,USA
C0474,ORD1474,2025-05-06,495.67,Australia
C0475,ORD1475,2025-05-09,400.97,UK
C0476,ORD1476,2025-01-16,340.49,India
C0477,ORD1477,2025-05-11,152.75,Germany
C0478,ORD1478,2025-03-07,62.01,Germany
C0479,ORD1479,2025-02-16,722.03,UK
C0480,ORD1480,2025-01-14,896.19,USA
C0481,ORD1481,2025-04-11,863.12,India
C0482,ORD1482,2025-04-30,811.15,Canada
C0483,ORD1483,2025-05-01,306.45,Australia
C0484,ORD1484,2025-02-26,515.48,UK
C0485,ORD1485,2025-06-04,417.63,India
C0486,ORD1486,2025-04-04,233.8,USA
C0487,ORD1487,2025-02-19,782.41,Canada
C0488,ORD1488,2025-02-14,273.12,USA
C0489,ORD1489,2025-06-07,87.47,UK
C0490,ORD1490,2025-06-14,189.4,Australia
C0491,ORD1491,2025-01-21,886.59,India
C0492,ORD1492,2025-05-13,845.24,USA
C0493,ORD1493,2025-07-12,552.31,India
C0494,ORD1494,2025-04-24,218.84,Canada
C0495,ORD1495,2025-01-02,554.03,UK
C0496,ORD1496,2025-06-16,815.72,Australia
C0497,ORD1497,2025-07-31,694.6,USA
C0498,ORD1498,2025-05-31,568.52,Germany
C0499,ORD1499,2025-01-25,446.45,UK
C0500,ORD1500,2025-08-12,812.09,Canada
C0501,ORD1501,2025-05-09,744.34,Canada
C0502,ORD1502,2025-06-28,103.33,Germany
C0503,ORD1503,2025-07-04,203.44,USA
C0504,ORD1504,2025-05-28,147.66,Germany
C0505,ORD1505,2025-01-05,539.52,UK
C0506,ORD1506,2025-04-29,927.35,UK
C0507,ORD1507,2025-07-08,540.55,UK
C0508,ORD1508,2025-06-08,532.97,Canada
C0509,ORD1509,2025-08-08,582.62,India
C0510,ORD1510,2025-02-13,793.44,UK
C0511,ORD1511,2025-08-18,687.97,India
C0512,ORD1512,2025-08-07,144.97,Australia
C0513,ORD1513,2025-08-23,396.62,Germany
C0514,ORD1514,2025-08-06,455.65,India
C0515,ORD1515,2025-04-29,67.8,Canada
C0516,ORD1516,2025-07-10,190.28,India
C0517,ORD1517,2025-02-15,343.78,India
C0518,ORD1518,2025-03-27,831.16,UK
C0519,ORD1519,2025-03-17,228.08,USA
C0520,ORD1520,2025-07-12,991.99,UK
C0521,ORD1521,2025-03-31,62.93,USA
C0522,ORD1522,2025-02-14,929.23,India
C0523,ORD1523,2025-02-08,273.56,Canada
C0524,ORD1524,2025-08-23,705.3,Australia
C0525,ORD1525,2025-03-14,280.07,India
C0526,ORD1526,2025-04-28,774.26,Australia
C0527,ORD1527,2025-04-17,74.16,Australia
C0528,ORD1528,2025-08-01,890.85,Australia
C0529,ORD1529,2025-03-16,511.52,Canada
C0530,ORD1530,2025-05-18,271.34,India
C0531,ORD1531,2025-02-08,993.43,Germany
C0532,ORD1532,2025-04-19,674.54,Canada
C0533,ORD1533,2025-07-24,719.86,Germany
C0534,ORD1534,2025-09-04,114.0,UK
C0535,ORD1535,2025-04-28,960.84,USA
C0536,ORD1536,2025-06-28,372.46,USA
C0537,ORD1537,2025-03-23,893.74,USA
C0538,ORD1538,2025-05-26,723.43,India
C0539,ORD1539,2025-06-02,947.05,UK
C0540,ORD1540,2025-05-22,379.71,USA
C0541,ORD1541,2025-06-07,925.26,Germany
C0542,ORD1542,2025-09-08,703.75,USA
C0543,ORD1543,2025-06-11,707.44,USA
C0544,ORD1544,2025-02-22,529.54,India
C0545,ORD1545,2025-01-04,701.8,UK
C0546,ORD1546,2025-08-03,404.66,Germany
C0547,ORD1547,2025-08-09,126.62,India
C0548,ORD1548,2025-07-16,619.43,Canada
C0549,ORD1549,2025-07-19,710.15,USA
C0550,ORD1550,2025-06-19,325.71,Australia
C0551,ORD1551,2025-05-15,270.08,Germany
C0552,ORD1552,2025-03-05,711.58,India
C0553,ORD1553,2025-03-18,80.66,Canada
C0554,ORD1554,2025-05-19,212.36,Germany
C0555,ORD1555,2025-03-09,735.61,USA
C0556,ORD1556,2025-06-15,438.51,Canada
C0557,ORD1557,2025-04-05,532.88,Canada
C0558,ORD1558,2025-09-04,727.81,Canada
C0559,ORD1559,2025-08-14,314.41,Australia
C0560,ORD1560,2025-06-19,101.15,UK
C0561,ORD1561,2025-04-28,361.75,Germany
C0562,ORD1562,2025-04-17,750.26,UK
C0563,ORD1563,2025-08-10,656.25,India
C0564,ORD1564,2025-05-10,235.58,Canada
C0565,ORD1565,2025-07-31,264.72,Germany
C0566,ORD1566,2025-01-08,281.69,Canada
C0567,ORD1567,2025-07-19,819.6,USA
C0568,ORD1568,2025-03-11,386.86,USA
C0569,ORD1569,2025-04-08,584.66,USA
C0570,ORD1570,2025-07-13,603.59,UK
C0571,ORD1571,2025-04-20,192.84,Canada
C0572,ORD1572,2025-06-14,111.89,UK
C0573,ORD1573,2025-05-25,117.92,India
C0574,ORD1574,2025-03-12,486.99,India
C0575,ORD1575,2025-08-25,227.32,UK
C0576,ORD1576,2025-06-09,537.31,India
C0577,ORD1577,2025-01-01,579.52,Canada
C0578,ORD1578,2025-04-18,837.24,UK
C0579,ORD1579,2025-02-16,608.39,Germany
C0580,ORD1580,2025-06-03,792.67,Canada
C0581,ORD1581,2025-04-21,749.15,USA
C0582,ORD1582,2025-01-11,518.01,India
C0583,ORD1583,2025-08-21,118.86,Germany
C0584,ORD1584,2025-08-02,480.21,UK
C0585,ORD1585,2025-07-28,351.6,India
C0586,ORD1586,2025-06-11,946.21,Germany
C0587,ORD1587,2025-05-01,467.22,Australia
C0588,ORD1588,2025-03-30,552.46,Germany
C0589,ORD1589,2025-04-05,783.99,USA
C0590,ORD1590,2025-07-29,913.73,UK
C0591,ORD1591,2025-03-04,646.6,Canada
C0592,ORD1592,2025-01-12,145.19,Germany
C0593,ORD1593,2025-04-26,652.6,Canada
C0594,ORD1594,2025-02-11,712.06,Germany
C0595,ORD1595,2025-05-19,490.34,Canada
C0596,ORD1596,2025-08-27,519.62,Germany
C0597,ORD1597,2025-02-08,498.23,UK
C0598,ORD1598,2025-02-22,866.6,Germany
C0599,ORD1599,2025-06-15,298.01,Canada
C0600,ORD1600,2025-03-17,868.26,Germany
C0601,ORD1601,2025-07-02,137.35,Australia
C0602,ORD1602,2025-02-27,577.1,USA
C0603,ORD1603,2025-02-05,774.59,Australia
C0604,ORD1604,2025-01-05,172.71,Australia
C0605,ORD1605,2025-06-13,742.92,India
C0606,ORD1606,2025-05-23,94.06,India
C0607,ORD1607,2025-04-01,389.28,Australia
C0608,ORD1608,2025-03-11,649.55,India
C0609,ORD1609,2025-05-10,399.53,UK
C0610,ORD1610,2025-05-24,140.86,Canada
C0611,ORD1611,2025-04-02,789.55,India
C0612,ORD1612,2025-04-22,455.74,Germany
C0613,ORD1613,2025-08-03,266.09,Canada
C0614,ORD1614,2025-04-01,925.24,Australia
C0615,ORD1615,2025-07-30,894.95,India
C0616,ORD1616,2025-02-08,671.08,India
C0617,ORD1617,2025-05-17,418.6,India
C0618,ORD1618,2025-02-09,209.34,Canada
C0619,ORD1619,2025-01-17,351.13,Canada
C0620,ORD1620,2025-01-11,93.51,USA
C0621,ORD1621,2025-04-16,510.24,Germany
C0622,ORD1622,2025-04-14,607.92,USA
C0623,ORD1623,2025-06-22,148.81,USA
C0624,ORD1624,2025-09-08,768.89,Australia
C0625,ORD1625,2025-02-14,410.59,USA
C0626,ORD1626,2025-04-18,888.71,Canada
C0627,ORD1627,2025-09-06,877.35,India
C0628,ORD1628,2025-02-22,850.74,Germany
C0629,ORD1629,2025-07-08,984.9,USA
C0630,ORD1630,2025-02-07,256.46,Canada
C0631,ORD1631,2025-07-22,582.67,Australia
C0632,ORD1632,2025-03-26,951.97,India
C0633,ORD1633,2025-05-19,255.64,USA
C0634,ORD1634,2025-06-06,134.56,Germany
C0635,ORD1635,2025-08-12,263.08,USA
C0636,ORD1636,2025-07-02,432.13,Germany
C0637,ORD1637,2025-05-04,593.28,UK
C0638,ORD1638,2025-07-07,69.58,USA
C0639,ORD1639,2025-05-21,892.07,USA
C0640,ORD1640,2025-08-06,855.37,Canada
C0641,ORD1641,2025-05-17,521.71,India
C0642,ORD1642,2025-03-03,403.92,Germany
C0643,ORD1643,2025-01-17,592.01,USA
C0644,ORD1644,2025-06-14,987.64,India
C0645,ORD1645,2025-04-24,708.58,Canada
C0646,ORD1646,2025-04-06,249.0,Canada
C0647,ORD1647,2025-06-27,371.46,India
C0648,ORD1648,2025-06-16,497.5,UK
C0649,ORD1649,2025-03-13,422.92,UK
C0650,ORD1650,2025-06-26,197.15,USA
C0651,ORD1651,2025-07-29,52.12,India
C0652,ORD1652,2025-09-08,212.99,Canada
C0653,ORD1653,2025-02-16,339.0,Germany
C0654,ORD1654,2025-08-28,482.56,Australia
C0655,ORD1655,2025-05-22,335.33,Canada
C0656,ORD1656,2025-03-20,770.92,UK
C0657,ORD1657,2025-04-01,593.85,India
C0658,ORD1658,2025-04-23,847.63,India
C0659,ORD1659,2025-07-18,838.57,Germany
C0660,ORD1660,2025-08-18,323.77,India
C0661,ORD1661,2025-04-13,306.96,India
C0662,ORD1662,2025-07-25,654.79,UK
C0663,ORD1663,2025-05-24,522.69,Canada
C0664,ORD1664,2025-08-25,549.01,USA
C0665,ORD1665,2025-03-20,446.47,Canada
C0666,ORD1666,2025-05-24,109.17,Australia
C0667,ORD1667,2025-05-25,911.73,USA
C0668,ORD1668,2025-03-24,522.64,UK
C0669,ORD1669,2025-02-16,267.47,UK
C0670,ORD1670,2025-07-08,94.61,UK
C0671,ORD1671,2025-01-24,227.29,Canada
C0672,ORD1672,2025-02-16,461.9,Australia
C0673,ORD1673,2025-04-04,484.12,Germany
C0674,ORD1674,2025-05-26,764.4,USA
C0675,ORD1675,2025-05-05,362.86,USA
C0676,ORD1676,2025-07-11,696.1,Australia
C0677,ORD1677,2025-07-30,750.38,Australia
C0678,ORD1678,2025-05-07,70.37,USA
C0679,ORD1679,2025-04-08,474.28,Australia
C0680,ORD1680,2025-01-24,764.54,USA
C0681,ORD1681,2025-04-20,618.46,India
C0682,ORD1682,2025-04-10,514.1,UK
C0683,ORD1683,2025-01-21,816.72,Canada
C0684,ORD1684,2025-03-16,384.02,Germany
C0685,ORD1685,2025-01-06,55.64,Canada
C0686,ORD1686,2025-03-11,815.84,USA
C0687,ORD1687,2025-08-25,175.24,Germany
C0688,ORD1688,2025-02-09,256.18,UK
C0689,ORD1689,2025-08-06,448.06,USA
C0690,ORD1690,2025-06-17,576.26,Australia
C0691,ORD1691,2025-07-15,752.98,Australia
C0692,ORD1692,2025-07-19,897.79,USA
C0693,ORD1693,2025-03-04,169.09,Canada
C0694,ORD1694,2025-01-18,651.18,USA
C0695,ORD1695,2025-03-14,340.19,Canada
C0696,ORD1696,2025-08-24,838.25,Canada
C0697,ORD1697,2025-08-04,575.03,USA
C0698,ORD1698,2025-04-04,809.56,Australia
C0699,ORD1699,2025-07-11,729.74,USA
C0700,ORD1700,2025-08-13,67.15,Germany
C0701,ORD1701,2025-02-05,413.55,USA
C0702,ORD1702,2025-08-02,575.78,Germany
C0703,ORD1703,2025-06-19,174.81,UK
C0704,ORD1704,2025-05-22,554.74,Australia
C0705,ORD1705,2025-03-06,864.25,India
C0706,ORD1706,2025-02-28,236.66,Canada
C0707,ORD1707,2025-03-08,95.04,Australia
C0708,ORD1708,2025-01-24,142.83,Germany
C0709,ORD1709,2025-05-14,223.61,Germany
C0710,ORD1710,2025-01-25,791.51,UK
C0711,ORD1711,2025-03-05,663.69,India
C0712,ORD1712,2025-03-14,837.01,USA
C0713,ORD1713,2025-06-17,139.16,Australia
C0714,ORD1714,2025-07-31,119.38,Germany
C0715,ORD1715,2025-04-03,261.89,India
C0716,ORD1716,2025-05-18,869.97,India
C0717,ORD1717,2025-08-10,96.3,India
C0718,ORD1718,2025-05-02,122.59,India
C0719,ORD1719,2025-04-30,844.56,USA
C0720,ORD1720,2025-06-27,982.0,Australia
C0721,ORD1721,2025-04-06,363.97,India
C0722,ORD1722,2025-03-25,375.48,Canada
C0723,ORD1723,2025-02-03,306.01,USA
C0724,ORD1724,2025-03-03,991.7,Canada
C0725,ORD1725,2025-08-21,527.4,Germany
C0726,ORD1726,2025-07-21,118.66,USA
C0727,ORD1727,2025-02-20,230.93,India
C0728,ORD1728,2025-05-13,468.69,Australia
C0729,ORD1729,2025-01-08,746.83,USA
C0730,ORD1730,2025-03-25,146.5,UK
C0731,ORD1731,2025-08-14,246.99,Germany
C0732,ORD1732,2025-08-10,424.48,Germany
C0733,ORD1733,2025-01-04,781.3,UK
C0734,ORD1734,2025-04-08,341.79,UK
C0735,ORD1735,2025-01-01,419.56,Australia
C0736,ORD1736,2025-07-21,889.91,Germany
C0737,ORD1737,2025-07-06,520.62,UK
C0738,ORD1738,2025-03-04,132.81,Germany
C0739,ORD1739,2025-07-13,853.94,Australia
C0740,ORD1740,2025-02-10,471.41,Australia
C0741,ORD1741,2025-06-28,301.37,Canada
C0742,ORD1742,2025-03-07,203.63,Australia
C0743,ORD1743,2025-01-05,431.7,USA
C0744,ORD1744,2025-08-01,318.88,UK
C0745,ORD1745,2025-05-25,482.15,UK
C0746,ORD1746,2025-08-30,548.29,USA
C0747,ORD1747,2025-06-21,868.85,USA
C0748,ORD1748,2025-06-21,178.43,USA
C0749,ORD1749,2025-05-04,241.35,USA
C0750,ORD1750,2025-03-14,997.05,India
C0751,ORD1751,2025-09-06,830.53,Canada
C0752,ORD1752,2025-02-27,932.66,Canada
C0753,ORD1753,2025-08-04,626.82,UK
C0754,ORD1754,2025-01-30,977.65,USA
C0755,ORD1755,2025-04-23,692.21,Canada
C0756,ORD1756,2025-01-29,488.35,USA
C0757,ORD1757,2025-01-31,884.72,Canada
C0758,ORD1758,2025-02-04,625.09,USA
C0759,ORD1759,2025-06-02,503.59,Australia
C0760,ORD1760,2025-03-30,302.11,Canada
C0761,ORD1761,2025-05-22,791.31,USA
C0762,ORD1762,2025-07-10,979.41,Canada
C0763,ORD1763,2025-01-14,876.79,USA
C0764,ORD1764,2025-01-19,557.12,UK
C0765,ORD1765,2025-05-22,840.83,Canada
C0766,ORD1766,2025-09-05,174.34,USA
C0767,ORD1767,2025-07-09,722.16,Australia
C0768,ORD1768,2025-03-18,89.0,India
C0769,ORD1769,2025-05-10,591.62,Canada
C0770,ORD1770,2025-06-01,679.86,Australia
C0771,ORD1771,2025-01-20,821.44,Australia
C0772,ORD1772,2025-08-27,338.97,Australia
C0773,ORD1773,2025-03-15,521.19,India
C0774,ORD1774,2025-05-22,975.11,USA
C0775,ORD1775,2025-08-13,77.82,Canada
C0776,ORD1776,2025-07-12,846.74,UK
C0777,ORD1777,2025-08-03,678.79,USA
C0778,ORD1778,2025-02-25,960.75,USA
C0779,ORD1779,2025-04-14,126.79,Australia
C0780,ORD1780,2025-08-09,592.27,Germany
C0781,ORD1781,2025-02-25,223.03,Germany
C0782,ORD1782,2025-08-19,747.44,India
C0783,ORD1783,2025-03-23,521.64,Australia
C0784,ORD1784,2025-06-29,554.98,Canada
C0785,ORD1785,2025-02-08,332.96,Australia
C0786,ORD1786,2025-09-07,982.51,Germany
C0787,ORD1787,2025-01-25,170.86,India
C0788,ORD1788,2025-06-14,307.11,India
C0789,ORD1789,2025-04-29,497.81,Australia
C0790,ORD1790,2025-01-15,146.8,UK
C0791,ORD1791,2025-05-13,987.33,UK
C0792,ORD1792,2025-01-03,881.83,India
C0793,ORD1793,2025-03-23,74.82,USA
C0794,ORD1794,2025-08-03,920.42,India
C0795,ORD1795,2025-05-22,677.68,Canada
C0796,ORD1796,2025-02-16,566.06,UK
C0797,ORD1797,2025-05-10,888.21,Germany
C0798,ORD1798,2025-01-18,632.86,India
C0799,ORD1799,2025-08-01,857.57,Canada
C0800,ORD1800,2025-03-12,124.5,Canada
C0801,ORD1801,2025-04-08,875.11,Australia
C0802,ORD1802,2025-08-10,586.91,Canada
C0803,ORD1803,2025-07-30,778.05,Canada
C0804,ORD1804,2025-03-12,221.92,Australia
C0805,ORD1805,2025-02-01,988.49,Canada
C0806,ORD1806,2025-08-10,678.8,UK
C0807,ORD1807,2025-08-23,304.65,Canada
C0808,ORD1808,2025-06-20,147.8,UK
C0809,ORD1809,2025-02-14,776.86,Canada
C0810,ORD1810,2025-07-25,781.36,Germany
C0811,ORD1811,2025-02-22,677.45,India
C0812,ORD1812,2025-05-27,469.41,Australia
C0813,ORD1813,2025-05-31,515.41,Canada
C0814,ORD1814,2025-08-15,423.96,Germany
C0815,ORD1815,2025-02-07,337.44,Canada
C0816,ORD1816,2025-05-17,443.08,Germany
C0817,ORD1817,2025-07-19,322.58,India
C0818,ORD1818,2025-07-10,554.13,Australia
C0819,ORD1819,2025-05-17,228.95,UK
C0820,ORD1820,2025-08-15,178.77,India
C0821,ORD1821,2025-02-09,944.23,USA
C0822,ORD1822,2025-07-20,239.61,India
C0823,ORD1823,2025-06-17,981.39,USA
C0824,ORD1824,2025-06-27,431.23,UK
C0825,ORD1825,2025-06-29,787.16,Australia
C0826,ORD1826,2025-04-03,217.1,India
C0827,ORD1827,2025-01-15,620.23,India
C0828,ORD1828,2025-07-22,288.66,India
C0829,ORD1829,2025-07-23,279.94,Australia
C0830,ORD1830,2025-07-31,344.53,USA
C0831,ORD1831,2025-01-27,574.4,Australia
C0832,ORD1832,2025-04-04,242.25,Australia
C0833,ORD1833,2025-01-25,528.69,Canada
C0834,ORD1834,2025-07-22,655.09,Germany
C0835,ORD1835,2025-03-05,780.97,Canada
C0836,ORD1836,2025-06-22,919.42,India
C0837,ORD1837,2025-04-30,380.19,Australia
C0838,ORD1838,2025-07-29,214.46,Germany
C0839,ORD1839,2025-04-21,874.06,USA
C0840,ORD1840,2025-08-13,219.56,USA
C0841,ORD1841,2025-07-12,516.75,USA
C0842,ORD1842,2025-05-04,416.77,Australia
C0843,ORD1843,2025-07-23,781.34,India
C0844,ORD1844,2025-08-25,619.98,India
C0845,ORD1845,2025-05-07,461.06,USA
C0846,ORD1846,2025-03-14,378.49,USA
C0847,ORD1847,2025-03-11,150.23,UK
C0848,ORD1848,2025-04-11,196.12,Canada
C0849,ORD1849,2025-01-19,540.47,UK
C0850,ORD1850,2025-01-31,810.7,Australia
C0851,ORD1851,2025-03-03,689.22,Canada
C0852,ORD1852,2025-07-19,306.3,Germany
C0853,ORD1853,2025-04-16,162.06,Australia
C0854,ORD1854,2025-08-26,356.52,India
C0855,ORD1855,2025-01-13,637.66,Canada
C0856,ORD1856,2025-03-20,414.91,USA
C0857,ORD1857,2025-01-01,967.31,UK
C0858,ORD1858,2025-02-21,989.54,UK
C0859,ORD1859,2025-01-17,145.42,USA
C0860,ORD1860,2025-04-08,861.88,USA
C0861,ORD1861,2025-05-06,281.51,Canada
C0862,ORD1862,2025-08-17,566.57,Canada
C0863,ORD1863,2025-04-18,612.04,Germany
C0864,ORD1864,2025-08-22,584.46,India
C0865,ORD1865,2025-07-10,174.38,USA
C0866,ORD1866,2025-02-13,534.09,Canada
C0867,ORD1867,2025-07-23,764.28,Canada
C0868,ORD1868,2025-01-29,745.91,UK
C0869,ORD1869,2025-01-24,338.77,Germany
C0870,ORD1870,2025-05-10,161.83,India
C0871,ORD1871,2025-04-23,461.28,India
C0872,ORD1872,2025-06-02,828.31,India
C0873,ORD1873,2025-09-06,973.38,UK
C0874,ORD1874,2025-07-28,797.81,Germany
C0875,ORD1875,2025-04-25,204.54,USA
C0876,ORD1876,2025-03-09,853.92,Germany
C0877,ORD1877,2025-05-03,451.11,Australia
C0878,ORD1878,2025-08-06,667.36,USA
C0879,ORD1879,2025-08-13,900.38,UK
C0880,ORD1880,2025-03-01,899.45,UK
C0881,ORD1881,2025-04-18,805.02,India
C0882,ORD1882,2025-07-14,273.75,USA
C0883,ORD1883,2025-03-11,465.65,Germany
C0884,ORD1884,2025-06-24,499.31,USA
C0885,ORD1885,2025-01-21,258.31,India
C0886,ORD1886,2025-01-31,967.12,Germany
C0887,ORD1887,2025-01-18,62.97,Australia
C0888,ORD1888,2025-02-09,74.08,Australia
C0889,ORD1889,2025-01-17,879.25,USA
C0890,ORD1890,2025-04-02,825.24,USA
C0891,ORD1891,2025-03-28,323.13,Germany
C0892,ORD1892,2025-04-07,334.03,India
C0893,ORD1893,2025-08-18,197.27,India
C0894,ORD1894,2025-09-04,515.78,UK
C0895,ORD1895,2025-03-23,403.03,UK
C0896,ORD1896,2025-06-05,532.12,USA
C0897,ORD1897,2025-07-28,860.47,Australia
C0898,ORD1898,2025-06-22,355.01,Australia
C0899,ORD1899,2025-06-29,636.99,Canada
C0900,ORD1900,2025-02-21,577.09,Australia
C0901,ORD1901,2025-03-14,476.75,Australia
C0902,ORD1902,2025-04-11,264.58,India
C0903,ORD1903,2025-06-27,159.46,USA
C0904,ORD1904,2025-03-02,917.02,Germany
C0905,ORD1905,2025-05-15,661.02,Canada
C0906,ORD1906,2025-07-01,908.98,USA
C0907,ORD1907,2025-05-04,829.58,India
C0908,ORD1908,2025-06-24,685.52,UK
C0909,ORD1909,2025-05-23,638.95,Germany
C0910,ORD1910,2025-05-28,748.59,USA
C0911,ORD1911,2025-03-06,334.99,USA
C0912,ORD1912,2025-01-03,622.2,Germany
C0913,ORD1913,2025-02-14,326.12,Germany
C0914,ORD1914,2025-05-13,398.84,Canada
C0915,ORD1915,2025-02-26,983.69,Germany
C0916,ORD1916,2025-04-18,591.16,India
C0917,ORD1917,2025-07-01,710.75,USA
C0918,ORD1918,2025-03-30,564.76,India
C0919,ORD1919,2025-07-31,547.04,Germany
C0920,ORD1920,2025-07-28,654.07,Canada
C0921,ORD1921,2025-07-10,404.81,India
C0922,ORD1922,2025-01-15,811.2,Canada
C0923,ORD1923,2025-02-13,773.23,Canada
C0924,ORD1924,2025-05-14,372.68,Canada
C0925,ORD1925,2025-03-09,322.8,USA
C0926,ORD1926,2025-04-06,756.88,USA
C0927,ORD1927,2025-01-20,871.67,India
C0928,ORD1928,2025-01-28,214.53,UK
C0929,ORD1929,2025-01-12,232.41,Australia
C0930,ORD1930,2025-05-15,287.5,India
C0931,ORD1931,2025-02-01,684.0,Canada
C0932,ORD1932,2025-04-22,846.52,UK
C0933,ORD1933,2025-08-13,850.55,UK
C0934,ORD1934,2025-04-12,311.98,UK
C0935,ORD1935,2025-07-17,695.56,USA
C0936,ORD1936,2025-01-29,867.49,Germany
C0937,ORD1937,2025-07-07,531.84,Germany
C0938,ORD1938,2025-07-23,698.29,UK
C0939,ORD1939,2025-06-09,537.21,Australia
C0940,ORD1940,2025-02-13,752.75,Canada
C0941,ORD1941,2025-04-11,339.85,UK
C0942,ORD1942,2025-07-03,128.31,Australia
C0943,ORD1943,2025-07-04,638.58,Canada
C0944,ORD1944,2025-07-29,120.09,USA
C0945,ORD1945,2025-07-25,501.32,UK
C0946,ORD1946,2025-08-01,773.79,USA
C0947,ORD1947,2025-07-30,206.12,Canada
C0948,ORD1948,2025-04-11,996.03,Germany
C0949,ORD1949,2025-07-24,187.49,UK
C0950,ORD1950,2025-03-28,424.87,Germany
C0951,ORD1951,2025-01-10,513.12,Australia
C0952,ORD1952,2025-04-28,484.81,Canada
C0953,ORD1953,2025-07-13,949.02,Australia
C0954,ORD1954,2025-03-03,892.08,USA
C0955,ORD1955,2025-07-07,675.54,Canada
C0956,ORD1956,2025-04-06,459.93,India
C0957,ORD1957,2025-09-05,824.46,USA
C0958,ORD1958,2025-06-12,605.72,USA
C0959,ORD1959,2025-05-25,628.76,India
C0960,ORD1960,2025-01-04,784.68,Germany
C0961,ORD1961,2025-05-22,770.0,UK
C0962,ORD1962,2025-07-08,302.15,Canada
C0963,ORD1963,2025-07-08,604.04,Australia
C0964,ORD1964,2025-06-01,209.03,India
C0965,ORD1965,2025-08-14,61.06,Australia
C0966,ORD1966,2025-02-12,694.92,Canada
C0967,ORD1967,2025-09-05,402.81,Australia
C0968,ORD1968,2025-08-18,891.47,UK
C0969,ORD1969,2025-07-08,175.06,UK
C0970,ORD1970,2025-05-21,978.43,Germany
C0971,ORD1971,2025-01-05,860.44,USA
C0972,ORD1972,2025-05-22,192.55,Australia
C0973,ORD1973,2025-07-21,265.12,India
C0974,ORD1974,2025-07-28,521.86,India
C0975,ORD1975,2025-01-12,761.07,Canada
C0976,ORD1976,2025-01-31,85.67,UK
C0977,ORD1977,2025-01-11,732.25,UK
C0978,ORD1978,2025-08-22,371.84,Germany
C0979,ORD1979,2025-08-11,186.98,Germany
C0980,ORD1980,2025-06-03,605.44,India
C0981,ORD1981,2025-08-25,177.38,USA
C0982,ORD1982,2025-04-06,852.23,India
C0983,ORD1983,2025-08-13,772.76,Canada
C0984,ORD1984,2025-08-10,752.34,Canada
C0985,ORD1985,2025-04-28,175.05,Germany
C0986,ORD1986,2025-07-30,290.9,Canada
C0987,ORD1987,2025-08-03,994.64,India
C0988,ORD1988,2025-05-11,703.83,Canada
C0989,ORD1989,2025-07-14,525.85,USA
C0990,ORD1990,2025-01-01,426.08,Australia
C0991,ORD1991,2025-05-13,56.18,Germany
C0992,ORD1992,2025-04-05,681.6,India
C0993,ORD1993,2025-07-21,96.77,India
C0994,ORD1994,2025-09-02,58.58,Australia
C0995,ORD1995,2025-03-30,241.29,Australia
C0996,ORD1996,2025-01-29,481.77,India
C0997,ORD1997,2025-05-27,683.02,USA
C0998,ORD1998,2025-02-10,937.65,Australia
C0999,ORD1999,2025-08-08,109.09,UK
C1000,ORD2000,2025-02-01,318.54,India
